{
  "_comment": "This is a template for Google Service Account credentials.",
  "_instructions": [
    "1. Go to Google Cloud Console (https://console.cloud.google.com/)",
    "2. Create a new project or select an existing one",
    "3. Enable the Google Sheets API and Google Drive API",
    "4. Create a Service Account in IAM & Admin > Service Accounts",
    "5. Download the JSON key file for the service account",
    "6. Replace this file with your actual credentials.json",
    "7. Share your Google Sheet with the service account email address"
  ],
  "type": "service_account",
  "project_id": "your-project-id",
  "private_key_id": "your-private-key-id",
  "private_key": "-----BEGIN PRIVATE KEY-----\nYOUR-PRIVATE-KEY-HERE\n-----END PRIVATE KEY-----\n",
  "client_email": "your-service-account@your-project-id.iam.gserviceaccount.com",
  "client_id": "your-client-id",
  "auth_uri": "https://accounts.google.com/o/oauth2/auth",
  "token_uri": "https://oauth2.googleapis.com/token",
  "auth_provider_x509_cert_url": "https://www.googleapis.com/oauth2/v1/certs",
  "client_x509_cert_url": "https://www.googleapis.com/robot/v1/metadata/x509/your-service-account%40your-project-id.iam.gserviceaccount.com"
}
